CustomerKey,First Name,Last Name,Full Name,Gender,DateFirstPurchase,Customer City
11000,Jon,Yang,Jon Yang,Male,19-01-2022,Rockhampton
11001,Eugene,Huang,Eugene Huang,Male,15-01-2022,Seaford
11002,Ruben,Torres,Ruben Torres,Male,07-01-2022,Hobart
11003,Christy,Zhu,Christy Zhu,Female,29-12-2021,North Ryde
11004,Elizabeth,Johnson,Elizabeth Johnson,Female,23-01-2022,Wollongong
11005,Julio,Ruiz,Julio Ruiz,Male,30-12-2021,East Brisbane
11006,Janet,Alvarez,Janet Alvarez,Female,24-01-2022,Matraville
11007,Marco,Mehta,Marco Mehta,Male,09-01-2022,Warrnambool
11008,Rob,Verhoff,Rob Verhoff,Female,25-01-2022,Bendigo
11009,Shannon,Carlson,Shannon Carlson,Male,27-01-2022,Hervey Bay
11010,Jacquelyn,Suarez,Jacquelyn Suarez,Female,14-01-2022,East Brisbane
11011,Curtis,Lu,Curtis Lu,Male,30-12-2021,East Brisbane
11012,Lauren,Walker,Lauren Walker,Female,16-03-2024,Bremerton
11013,Ian,Jenkins,Ian Jenkins,Male,13-04-2024,Lebanon
11014,Sydney,Bennett,Sydney Bennett,Female,23-03-2024,Redmond
11015,Chloe,Young,Chloe Young,Female,18-01-2024,Burbank
11016,Wyatt,Hill,Wyatt Hill,Male,09-02-2024,Imperial Beach
11017,Shannon,Wang,Shannon Wang,Female,12-01-2022,Sunbury
11018,Clarence,Rai,Clarence Rai,Male,17-01-2022,Bendigo
11019,Luke,Lal,Luke Lal,Male,12-02-2024,Langley
11020,Jordan,King,Jordan King,Male,29-12-2023,Metchosin
11021,Destiny,Wilson,Destiny Wilson,Female,23-01-2024,Beaverton
11022,Ethan,Zhang,Ethan Zhang,Male,20-01-2024,Bellingham
11023,Seth,Edwards,Seth Edwards,Male,17-02-2024,Bellflower
11024,Russell,Xie,Russell Xie,Male,27-06-2024,Concord
11025,Alejandro,Beck,Alejandro Beck,Male,06-01-2022,Hawthorne
11026,Harold,Sai,Harold Sai,Male,23-01-2022,Goulburn
11027,Jessie,Zhao,Jessie Zhao,Male,16-01-2022,Warrnambool
11028,Jill,Jimenez,Jill Jimenez,Female,26-01-2022,St. Leonards
11029,Jimmy,Moreno,Jimmy Moreno,Male,19-01-2022,Bendigo
11030,Bethany,Yuan,Bethany Yuan,Female,05-02-2022,Cloverdale
11031,Theresa,Ramos,Theresa Ramos,Female,01-02-2022,Matraville
11032,Denise,Stone,Denise Stone,Female,18-02-2022,Melbourne
11033,Jaime,Nath,Jaime Nath,Male,15-02-2022,Milsons Point
11034,Ebony,Gonzalez,Ebony Gonzalez,Female,01-02-2022,North Sydney
11035,Wendy,Dominguez,Wendy Dominguez,Female,06-02-2022,Cranbourne
11036,Jennifer,Russell,Jennifer Russell,Female,22-01-2024,National City
11037,Chloe,Garcia,Chloe Garcia,Female,20-01-2024,Cliffside
11038,Diana,Hernandez,Diana Hernandez,Female,07-02-2022,Lavender Bay
11039,Marc,Martin,Marc Martin,Male,07-02-2022,Wollongong
11040,Jesse,Murphy,Jesse Murphy,Male,03-04-2024,Tacoma
11041,Amanda,Carter,Amanda Carter,Female,14-01-2024,Glendale
11042,Megan,Sanchez,Megan Sanchez,Female,21-01-2024,Los Angeles
11043,Nathan,Simmons,Nathan Simmons,Male,08-05-2024,Glendale
11044,Adam,Flores,Adam Flores,Male,28-02-2022,Hervey Bay
11045,Leonard,Nara,Leonard Nara,Male,10-04-2024,Matraville
11046,Christine,Yuan,Christine Yuan,Female,06-02-2022,Lavender Bay
11047,Jaclyn,Lu,Jaclyn Lu,Female,03-02-2022,Geelong
11048,Jeremy,Powell,Jeremy Powell,Male,10-02-2022,Sunbury
11049,Carol,Rai,Carol Rai,Female,09-03-2024,Chula Vista
11050,Alan,Zheng,Alan Zheng,Male,20-02-2022,Hobart
11051,Daniel,Johnson,Daniel Johnson,Male,29-12-2024,Caloundra
11052,Heidi,Lopez,Heidi Lopez,Female,17-02-2022,Matraville
11053,Ana,Price,Ana Price,Female,17-01-2024,San Diego
11054,Deanna,Munoz,Deanna Munoz,Female,03-02-2022,Geelong
11055,Gilbert,Raje,Gilbert Raje,Male,31-01-2022,East Brisbane
11056,Michele,Nath,Michele Nath,Female,26-02-2022,Newcastle
11057,Carl,Andersen,Carl Andersen,Male,22-02-2022,Lane Cove
11058,Marc,Diaz,Marc Diaz,Male,09-03-2022,Findon
11059,Ashlee,Andersen,Ashlee Andersen,Female,18-02-2024,Townsville
11060,Jon,Zhou,Jon Zhou,Male,19-03-2022,Warrnambool
11061,Todd,Gao,Todd Gao,Male,13-03-2022,Gold Coast
11062,Noah,Powell,Noah Powell,Male,07-01-2024,Portland
11063,Angela,Murphy,Angela Murphy,Female,12-01-2024,Redmond
11064,Chase,Reed,Chase Reed,Male,25-01-2024,Downey
11065,Jessica,Henderson,Jessica Henderson,Female,10-02-2024,La Jolla
11066,Grace,Butler,Grace Butler,Female,31-05-2024,Lebanon
11067,Caleb,Carter,Caleb Carter,Male,18-08-2024,Port Orchard
11068,Tiffany,Liang,Tiffany Liang,Female,30-04-2024,Warrnambool
11069,Carolyn,Navarro,Carolyn Navarro,Female,17-04-2022,Gold Coast
11070,Willie,Raji,Willie Raji,Male,28-04-2022,Sunbury
11071,Linda,Serrano,Linda Serrano,Female,01-03-2024,Hawthorne
11072,Casey,Luo,Casey Luo,Female,31-03-2022,St. Leonards
11073,Amy,Ye,Amy Ye,Female,23-03-2024,Springwood
11074,Levi,Arun,Levi Arun,Male,23-03-2024,Cloverdale
11075,Felicia,Jimenez,Felicia Jimenez,Female,28-04-2022,Bendigo
11076,Blake,Anderson,Blake Anderson,Male,21-04-2022,Wollongong
11077,Leah,Ye,Leah Ye,Female,15-04-2022,Melton
11078,Gina,Martin,Gina Martin,Female,15-02-2024,Cliffside
11079,Donald,Gonzalez,Donald Gonzalez,Male,15-03-2024,Geelong
11080,Damien,Chander,Damien Chander,Male,10-04-2022,Perth
11081,Savannah,Baker,Savannah Baker,Female,12-02-2024,Concord
11082,Angela,Butler,Angela Butler,Female,22-01-2024,Fremont
11083,Alyssa,Cox,Alyssa Cox,Female,06-01-2024,Lincoln Acres
11084,Lucas,Phillips,Lucas Phillips,Male,04-01-2024,Lebanon
11085,Emily,Johnson,Emily Johnson,Female,06-12-2024,Newport Beach
11086,Ryan,Brown,Ryan Brown,Male,02-07-2024,Santa Monica
11087,Tamara,Liang,Tamara Liang,Female,25-02-2024,Chula Vista
11088,Hunter,Davis,Hunter Davis,Male,13-01-2024,San Diego
11089,Abigail,Price,Abigail Price,Female,29-12-2023,Long Beach
11090,Trevor,Bryant,Trevor Bryant,Male,07-08-2022,Los Angeles
11091,Dalton,Perez,Dalton Perez,Male,29-01-2024,Haney
11092,Cheryl,Diaz,Cheryl Diaz,Female,08-04-2022,East Brisbane
11093,Aimee,He,Aimee He,Female,07-04-2022,Wollongong
11094,Cedric,Ma,Cedric Ma,Male,07-04-2024,Cranbourne
11095,Chad,Kumar,Chad Kumar,Male,01-04-2022,Port Macquarie
11096,Andrés,Anand,Andrés Anand,Male,11-04-2022,North Sydney
11097,Edwin,Nara,Edwin Nara,Male,04-04-2022,Warrnambool
11098,Mallory,Rubio,Mallory Rubio,Female,11-02-2024,Rhodes
11099,Adam,Ross,Adam Ross,Male,07-04-2022,Port Macquarie
11100,Latasha,Navarro,Latasha Navarro,Female,16-04-2022,Cloverdale
11101,Abby,Sai,Abby Sai,Female,29-04-2022,Cranbourne
11102,Julia,Nelson,Julia Nelson,Female,16-07-2024,Sydney
11103,Cassie,Chande,Cassie Chande,Female,15-04-2022,Darlinghurst
11104,Edgar,Sara,Edgar Sara,Male,04-05-2022,Gold Coast
11105,Candace,Fernandez,Candace Fernandez,Female,14-05-2022,Matraville
11106,Jessie,Liu,Jessie Liu,Male,18-05-2022,Warrnambool
11107,Bianca,Lin,Bianca Lin,Female,01-05-2022,St. Leonards
11108,Kari,Alvarez,Kari Alvarez,Female,03-05-2022,Port Macquarie
11109,Ruben,Kapoor,Ruben Kapoor,Male,10-05-2022,South Melbourne
11110,Curtis,Yang,Curtis Yang,Male,01-05-2022,Darlinghurst
11111,Meredith,Gutierrez,Meredith Gutierrez,Female,20-05-2022,Geelong
11112,Crystal,Wang,Crystal Wang,Female,25-05-2022,Hervey Bay
11113,Micheal,Blanco,Micheal Blanco,Male,01-02-2024,Perth
11114,Leslie,Moreno,Leslie Moreno,Female,18-03-2024,Rhodes
11115,Alvin,Cai,Alvin Cai,Male,10-02-2024,St. Leonards
11116,Clinton,Carlson,Clinton Carlson,Male,15-03-2024,Sydney
11117,April,Deng,April Deng,Female,06-05-2022,Matraville
11118,Alvin,Zeng,Alvin Zeng,Male,10-07-2024,Lavender Bay
11119,Evan,James,Evan James,Male,03-02-2024,Port Macquarie
11120,Beth,Jiménez,Beth Jiménez,Female,14-05-2022,Sydney
11121,Orlando,Suarez,Orlando Suarez,Male,24-06-2024,Newcastle
11122,Byron,Vazquez,Byron Vazquez,Male,21-02-2024,North Sydney
11123,Philip,Alvarez,Philip Alvarez,Male,17-04-2024,Sunbury
11124,Ross,Jordan,Ross Jordan,Male,05-05-2022,Warrnambool
11125,Dana,Navarro,Dana Navarro,Female,31-01-2024,Seaford
11126,Shaun,Carson,Shaun Carson,Male,28-05-2022,North Ryde
11127,Jan,Edwards,Jan Edwards,Female,10-04-2024,San Gabriel
11128,Samantha,Long,Samantha Long,Female,19-06-2024,Renton
11129,Julia,Wright,Julia Wright,Female,06-08-2022,Sedro Woolley
11130,Caroline,Russell,Caroline Russell,Female,09-12-2024,Lebanon
11131,Amanda,Rivera,Amanda Rivera,Female,18-10-2024,Haney
11132,Melissa,Richardson,Melissa Richardson,Female,09-04-2024,Langford
11133,Angela,Griffin,Angela Griffin,Female,30-12-2024,Lake Oswego
11134,Larry,Townsend,Larry Townsend,Male,03-05-2022,Perth
11135,Marcus,Harris,Marcus Harris,Male,18-04-2024,Burlingame
11136,Brianna,Morgan,Brianna Morgan,Female,03-01-2024,Metchosin
11137,Jasmine,Taylor,Jasmine Taylor,Female,31-07-2024,Spokane
11138,Lauren,Davis,Lauren Davis,Female,19-09-2024,Glendale
11139,Tanya,Moreno,Tanya Moreno,Female,14-09-2024,Cloverdale
11140,Javier,Alvarez,Javier Alvarez,Male,19-03-2024,Burbank
11141,Nicole,Ramirez,Nicole Ramirez,Female,16-05-2024,Daly City
11142,Eduardo,Patterson,Eduardo Patterson,Male,13-02-2024,Langford
11143,Jonathan,Henderson,Jonathan Henderson,Male,15-06-2024,Lakewood
11144,Edward,Hernandez,Edward Hernandez,Male,25-01-2024,Ballard
11145,Jasmine,Coleman,Jasmine Coleman,Female,25-01-2024,Beaverton
11146,Karla,Goel,Karla Goel,Female,05-02-2024,Matraville
11147,Ernest,Wu,Ernest Wu,Male,13-05-2022,Warrnambool
11148,Ross,Vazquez,Ross Vazquez,Male,07-03-2024,East Brisbane
11149,Theodore,Gill,Theodore Gill,Male,04-06-2024,Hervey Bay
11150,Russell,Shen,Russell Shen,Male,27-03-2024,Sunbury
11151,Melinda,Gill,Melinda Gill,Female,15-05-2022,Sydney
11152,James,Williams,James Williams,Male,09-01-2024,Puyallup
11153,Angela,James,Angela James,Female,29-03-2024,Renton
11154,Megan,Walker,Megan Walker,Female,10-01-2024,Woodburn
11155,Hunter,Robinson,Hunter Robinson,Male,06-01-2024,Burbank
11156,Maria,Roberts,Maria Roberts,Female,08-01-2024,Lakewood
11157,Hannah,Long,Hannah Long,Female,24-07-2024,Tacoma
11158,Jason,Wright,Jason Wright,Male,19-01-2024,San Gabriel
11159,Brianna,Hughes,Brianna Hughes,Female,08-09-2024,Woodland Hills
11160,Maurice,Tang,Maurice Tang,Male,21-02-2024,Concord
11161,Emily,Wood,Emily Wood,Female,01-06-2024,Concord
11162,Chase,Cox,Chase Cox,Male,18-02-2024,La Jolla
11163,Gabriel,Wang,Gabriel Wang,Male,01-05-2024,Spring Valley
11164,Devin,Brooks,Devin Brooks,Male,27-04-2024,Torrance
11165,Jocelyn,Alexander,Jocelyn Alexander,Female,25-05-2024,Oakland
11166,Ashley,Martinez,Ashley Martinez,Female,14-10-2024,Olympia
11167,Jasmine,Barnes,Jasmine Barnes,Female,07-01-2024,Issaquah
11168,David,Rodriguez,David Rodriguez,Male,15-01-2024,Oakland
11169,Bryce,Richardson,Bryce Richardson,Male,26-05-2024,Coronado
11170,Carol,Howard,Carol Howard,Female,26-08-2024,Burien
11171,Jonathan,Hill,Jonathan Hill,Male,20-08-2022,Woodland Hills
11172,Gabrielle,Adams,Gabrielle Adams,Female,03-05-2024,Lynnwood
11173,Sarah,Thomas,Sarah Thomas,Female,02-03-2024,W. Linn
11174,Nicholas,Robinson,Nicholas Robinson,Male,13-07-2024,Los Angeles
11175,Luis,Wang,Luis Wang,Male,28-08-2022,Beverly Hills
11176,Mason,Roberts,Mason Roberts,Male,02-02-2024,Haney
11177,Jose,Flores,Jose Flores,Male,29-03-2024,San Diego
11178,Nathan,Johnson,Nathan Johnson,Male,21-02-2024,Lakewood
11179,Molly,Rodriguez,Molly Rodriguez,Female,12-03-2024,Beverly Hills
11180,April,Anand,April Anand,Female,17-03-2024,Chula Vista
11181,Devin,Martin,Devin Martin,Male,07-05-2024,Los Angeles
11182,Stephanie,Torres,Stephanie Torres,Female,28-08-2024,Sedro Woolley
11183,Jasmine,Lee,Jasmine Lee,Female,30-04-2024,Santa Cruz
11184,Meghan,Hernandez,Meghan Hernandez,Female,10-08-2024,Concord
11185,Ashley,Henderson,Ashley Henderson,Female,21-02-2024,Metchosin
11186,Sarah,Price,Sarah Price,Female,18-10-2024,Palo Alto
11187,Jennifer,Cooper,Jennifer Cooper,Female,03-04-2024,Burien
11188,Catherine,Morris,Catherine Morris,Female,01-11-2024,San Gabriel
11189,Lawrence,Blanco,Lawrence Blanco,Male,26-08-2022,Bellingham
11190,Carson,Bryant,Carson Bryant,Male,28-08-2024,Beverly Hills
11191,Kristi,Perez,Kristi Perez,Female,11-08-2022,Colma
11192,James,Brown,James Brown,Male,23-06-2024,Seattle
11193,Ian,Gray,Ian Gray,Male,25-02-2024,Woodburn
11194,Jacqueline,Price,Jacqueline Price,Female,13-03-2024,Palo Alto
11195,Megan,Henderson,Megan Henderson,Female,14-04-2024,Renton
11196,Alfredo,Romero,Alfredo Romero,Male,03-03-2024,Beaverton
11197,Andrea,Morris,Andrea Morris,Female,02-05-2024,Seattle
11198,Brooke,Sanders,Brooke Sanders,Female,05-02-2024,Santa Cruz
11199,Jacqueline,Bennett,Jacqueline Bennett,Female,18-03-2024,Burlingame
11200,Jason,Griffin,Jason Griffin,Male,07-02-2024,Victoria
11201,Amanda,Foster,Amanda Foster,Female,01-07-2024,Santa Monica
11202,Alexia,Price,Alexia Price,Female,15-09-2024,Lakewood
11203,Luis,Diaz,Luis Diaz,Male,20-02-2024,Port Hammond
11204,Destiny,Rivera,Destiny Rivera,Female,09-08-2024,Beaverton
11205,Abby,Fernandez,Abby Fernandez,Female,27-07-2024,Burien
11206,Blake,Flores,Blake Flores,Male,11-05-2024,Lynnwood
11207,Danielle,Cox,Danielle Cox,Female,31-01-2024,Renton
11208,Maria,Reed,Maria Reed,Female,04-03-2024,Glendale
11209,Allison,Evans,Allison Evans,Female,25-03-2024,Lincoln Acres
11210,Edward,Wood,Edward Wood,Male,06-05-2024,West Covina
11211,Samantha,Russell,Samantha Russell,Female,01-02-2024,Haney
11212,Chloe,Campbell,Chloe Campbell,Female,30-01-2024,Metchosin
11213,Stephanie,Murphy,Stephanie Murphy,Female,28-03-2024,Edmonds
11214,Charles,Miller,Charles Miller,Male,14-08-2024,Milwaukie
11215,Ana,Perry,Ana Perry,Female,15-02-2024,Royal Oak
11216,Jasmine,Torres,Jasmine Torres,Female,15-08-2022,Portland
11217,Natalie,Adams,Natalie Adams,Female,10-08-2022,Portland
11218,Olivia,Brown,Olivia Brown,Female,28-02-2024,Tacoma
11219,Charles,Cook,Charles Cook,Male,29-10-2024,Woodburn
11220,Erica,Huang,Erica Huang,Female,14-03-2024,Colma
11221,Nathan,Perry,Nathan Perry,Male,07-04-2024,Lakewood
11222,Alexandra,Rivera,Alexandra Rivera,Female,01-11-2024,Santa Monica
11223,Hailey,Patterson,Hailey Patterson,Female,29-01-2024,Langley
11224,Tiffany,Li,Tiffany Li,Female,07-08-2022,Burien
11225,Madison,Lee,Madison Lee,Female,22-06-2024,Renton
11226,Sydney,Ross,Sydney Ross,Female,21-02-2024,W. Linn
11227,Marshall,Chavez,Marshall Chavez,Male,03-08-2022,Colma
11228,Ashley,Jones,Ashley Jones,Female,25-10-2024,El Cajon
11229,Adrian,Stewart,Adrian Stewart,Male,27-07-2024,Redwood City
11230,Amber,Turner,Amber Turner,Female,16-07-2024,Santa Monica
11231,Dennis,Zhang,Dennis Zhang,Male,10-02-2024,Bremerton
11232,Hailey,Bryant,Hailey Bryant,Female,20-09-2024,Everett
11233,Todd,Li,Todd Li,Male,08-02-2024,Berkeley
11234,Anna,Griffin,Anna Griffin,Female,08-02-2024,Long Beach
11235,Angel,Stewart,Angel Stewart,Male,04-07-2024,Ballard
11236,Jeremy,Butler,Jeremy Butler,Male,03-10-2024,Bellingham
11237,Clarence,Anand,Clarence Anand,Male,05-09-2022,Solingen
11238,Mayra,Prasad,Mayra Prasad,Female,06-01-2022,Birmingham
11239,Latoya,Goel,Latoya Goel,Female,19-01-2022,London
11240,Anne,Hernandez,Anne Hernandez,Female,27-02-2022,Watford
11241,Lisa,Cai,Lisa Cai,Female,10-09-2023,Les Ulis
11242,Larry,Munoz,Larry Munoz,Male,19-09-2023,Versailles
11243,Robin,Alvarez,Robin Alvarez,Female,21-02-2022,Esher-Molesey
11244,Alexis,Coleman,Alexis Coleman,Female,12-02-2022,Runcorn
11245,Ricky,Vazquez,Ricky Vazquez,Male,26-09-2022,Hamburg
11246,Latasha,Rubio,Latasha Rubio,Female,03-10-2022,Hamburg
11247,Claudia,Zhou,Claudia Zhou,Female,18-02-2022,Lancaster
11248,Tristan,Alexander,Tristan Alexander,Male,14-07-2024,Saint-Denis
11249,Cindy,Patel,Cindy Patel,Female,09-10-2022,Sulzbach Taunus
11250,Shannon,Liu,Shannon Liu,Female,17-03-2022,Woolston
11251,Xavier,Long,Xavier Long,Male,18-10-2024,Haney
11252,Nicholas,Thompson,Nicholas Thompson,Male,14-08-2022,Lemon Grove
11253,José,Hernandez,José Hernandez,Male,01-03-2024,Victoria
11254,Johnathan,Vance,Johnathan Vance,Male,23-11-2024,Burien
11255,Colin,Lin,Colin Lin,Male,23-02-2024,Burien
11256,Katelyn,Hernandez,Katelyn Hernandez,Female,15-04-2024,Lynnwood
11257,Jacqueline,Powell,Jacqueline Powell,Female,24-08-2022,Newport Beach
11258,Xavier,Hill,Xavier Hill,Male,21-05-2024,Palo Alto
11259,Victoria,Stewart,Victoria Stewart,Female,04-09-2022,Salem
11260,Katelyn,Kelly,Katelyn Kelly,Female,05-02-2024,Burlingame
11261,Stephanie,Collins,Stephanie Collins,Female,27-09-2022,San Diego
11262,Jennifer,Simmons,Jennifer Simmons,Female,27-02-2024,Port Hammond
11263,Trinity,Richardson,Trinity Richardson,Female,29-08-2022,Burien
11264,Eduardo,Martin,Eduardo Martin,Male,02-01-2024,Issaquah
11265,Elizabeth,Jones,Elizabeth Jones,Female,03-01-2024,Kirkland
11266,Taylor,Howard,Taylor Howard,Female,10-09-2022,Port Orchard
11267,David,Diaz,David Diaz,Male,17-09-2022,Burlingame
11268,Katelyn,Carter,Katelyn Carter,Female,29-05-2024,Coronado
11269,Ryan,Foster,Ryan Foster,Male,22-08-2024,Daly City
11270,Robert,Lee,Robert Lee,Male,10-09-2022,Lakewood
11271,Danielle,Reed,Danielle Reed,Female,27-09-2022,San Francisco
11272,Lauren,Martinez,Lauren Martinez,Female,19-09-2022,Beverly Hills
11273,Nathan,Lal,Nathan Lal,Male,14-05-2024,La Jolla
11274,Kyle,Foster,Kyle Foster,Male,29-08-2022,Bellingham
11275,Jenny,Rai,Jenny Rai,Female,30-08-2022,Colma
11276,Nancy,Chapman,Nancy Chapman,Female,29-01-2024,Cliffside
11277,Charles,Jackson,Charles Jackson,Male,02-02-2024,Royal Oak
11278,Jonathan,Phillips,Jonathan Phillips,Male,16-09-2022,Edmonds
11279,Amanda,Cook,Amanda Cook,Female,03-03-2024,Everett
11280,Robert,Collins,Robert Collins,Male,01-07-2024,Lynnwood
11281,Megan,Barnes,Megan Barnes,Female,13-09-2022,Burbank
11282,Christian,Thomas,Christian Thomas,Male,31-08-2022,Burien
11283,Arturo,Lal,Arturo Lal,Male,29-05-2024,Berkeley
11284,Theresa,Serrano,Theresa Serrano,Female,06-02-2024,Chula Vista
11285,Jeremy,Anderson,Jeremy Anderson,Male,27-07-2024,Fremont
11286,Hunter,Griffin,Hunter Griffin,Male,21-09-2022,Torrance
11287,Henry,Garcia,Henry Garcia,Male,29-01-2024,Cliffside
11288,Cindy,Sanchez,Cindy Sanchez,Female,05-03-2024,Burbank
11289,Maria,Carter,Maria Carter,Female,08-09-2022,Downey
11290,Katelyn,Sanchez,Katelyn Sanchez,Female,20-09-2022,Lakewood
11291,Jenna,Wright,Jenna Wright,Female,04-09-2022,Lemon Grove
11292,Seth,Phillips,Seth Phillips,Male,15-09-2022,San Gabriel
11293,Luke,Long,Luke Long,Male,24-02-2024,Port Orchard
11294,Dalton,Clark,Dalton Clark,Male,25-09-2024,Issaquah
11295,Taylor,Lewis,Taylor Lewis,Female,25-09-2022,Concord
11296,Haley,Richardson,Haley Richardson,Female,01-09-2022,Everett
11297,Noah,Coleman,Noah Coleman,Male,26-09-2022,Burbank
11298,Jon,Luo,Jon Luo,Male,12-09-2022,Chula Vista
11299,Orlando,Vazquez,Orlando Vazquez,Male,26-09-2022,Burbank
11300,Fernando,Barnes,Fernando Barnes,Male,31-01-2024,N. Vancouver
11301,Cameron,Rodriguez,Cameron Rodriguez,Male,09-06-2024,Ballard
11302,Spencer,Russell,Spencer Russell,Male,06-09-2022,Corvallis
11303,Julia,Coleman,Julia Coleman,Female,02-09-2022,Edmonds
11304,Julia,Garcia,Julia Garcia,Female,20-03-2024,Portland
11305,Sean,Evans,Sean Evans,Male,25-03-2024,Chula Vista
11306,Micah,Zhou,Micah Zhou,Male,30-06-2024,Coronado
11307,Hunter,Rodriguez,Hunter Rodriguez,Male,04-09-2022,Daly City
11308,Ian,Gonzales,Ian Gonzales,Male,07-09-2024,Oregon City
11309,Victoria,Lewis,Victoria Lewis,Female,09-07-2024,Beaverton
11310,Erin,Sanders,Erin Sanders,Female,12-08-2024,San Francisco
11311,Gabrielle,Lopez,Gabrielle Lopez,Female,18-04-2024,Lynnwood
11312,Sara,Richardson,Sara Richardson,Female,17-05-2024,Lynnwood
11313,Trevor,Jenkins,Trevor Jenkins,Male,07-05-2024,Port Orchard
11314,Mya,Flores,Mya Flores,Female,25-02-2024,Issaquah
11315,Hailey,Ward,Hailey Ward,Female,20-05-2024,Port Orchard
11316,Luke,Allen,Luke Allen,Male,12-01-2024,Langford
11317,Victoria,Russell,Victoria Russell,Female,01-09-2022,Salem
11318,Jessica,Wilson,Jessica Wilson,Female,17-10-2024,Edmonds
11319,Jade,Bailey,Jade Bailey,Female,09-09-2022,Oakland
11320,Morgan,Hill,Morgan Hill,Female,15-06-2024,Glendale
11321,Terrance,Raman,Terrance Raman,Male,23-02-2024,Burien
11322,Sydney,Garcia,Sydney Garcia,Female,24-03-2024,Bremerton
11323,Jose,Patterson,Jose Patterson,Male,10-09-2022,Daly City
11324,Zachary,Anderson,Zachary Anderson,Male,26-09-2022,Glendale
11325,Elijah,Ross,Elijah Ross,Male,19-09-2022,Seattle
11326,Rafael,Xie,Rafael Xie,Male,15-09-2022,Beverly Hills
11327,Jaime,Moreno,Jaime Moreno,Male,26-09-2022,Burbank
11328,Julian,Griffin,Julian Griffin,Male,05-01-2024,Newton
11329,Andy,Alvarez,Andy Alvarez,Male,25-09-2022,Concord
11330,Ryan,Thompson,Ryan Thompson,Male,12-02-2024,Oak Bay
11331,Samantha,Jenkins,Samantha Jenkins,Female,07-02-2024,Shawnee
11332,Deanna,Ramos,Deanna Ramos,Female,15-10-2022,Berlin
11333,Emily,Miller,Emily Miller,Female,21-03-2022,Newcastle upon Tyne
11334,Nicole,Brown,Nicole Brown,Female,04-03-2022,Stoke-on-Trent
11335,Carla,Raman,Carla Raman,Female,23-10-2022,Hof
11336,Shaun,Raji,Shaun Raji,Male,27-09-2023,Paris
11337,Jerome,Romero,Jerome Romero,Male,09-03-2022,Watford
11338,Frank,Navarro,Frank Navarro,Male,11-10-2022,Bonn
11339,Dennis,She,Dennis She,Male,07-10-2023,Paris
11340,Melody,Munoz,Melody Munoz,Female,27-10-2023,Paris
11341,Randy,Zeng,Randy Zeng,Male,11-04-2022,Cheltenham
11342,Marshall,Wang,Marshall Wang,Male,12-07-2024,Boulogne-sur-Mer
11343,Arthur,Carlson,Arthur Carlson,Male,04-04-2022,Oxon
11344,Jessie,Jimenez,Jessie Jimenez,Female,13-05-2022,Oxford
11345,Robin,Ramos,Robin Ramos,Female,22-10-2023,Tremblay-en-France
11346,Deanna,Gutierrez,Deanna Gutierrez,Female,01-10-2023,Paris
11347,Roy,Navarro,Roy Navarro,Male,16-03-2024,Braunschweig
11348,Shawn,Rai,Shawn Rai,Male,31-03-2024,Paderborn
11349,Mindy,Luo,Mindy Luo,Female,13-01-2025,München
11350,Cara,Zhou,Cara Zhou,Female,05-02-2024,Peterborough
11351,Anne,Ramos,Anne Ramos,Female,12-06-2022,London
11352,Raymond,Rodriguez,Raymond Rodriguez,Male,01-05-2024,Pantin
11353,Carrie,Ortega,Carrie Ortega,Female,12-06-2022,Warrington
11354,Deanna,Suarez,Deanna Suarez,Female,03-12-2024,Grevenbroich
11355,Roberto,Gutierrez,Roberto Gutierrez,Male,26-09-2024,Wokingham
11356,Terrence,Carson,Terrence Carson,Male,10-05-2022,Lavender Bay
11357,Ramon,Ye,Ramon Ye,Male,18-06-2022,Caloundra
11358,Cynthia,Malhotra,Cynthia Malhotra,Female,28-06-2022,Coffs Harbour
11359,Jarrod,Prasad,Jarrod Prasad,Male,13-06-2022,Malabar
11360,Tyrone,Serrano,Tyrone Serrano,Male,27-06-2022,Rockhampton
11361,Cindy,Ramos,Cindy Ramos,Female,01-10-2024,Newcastle
11362,Damien,Shan,Damien Shan,Male,29-03-2024,Cranbourne
11363,Julian,Ross,Julian Ross,Male,08-06-2022,Melbourne
11364,Jennifer,Collins,Jennifer Collins,Female,07-06-2022,Geelong
11365,Brittney,Sun,Brittney Sun,Female,31-05-2022,Findon
11366,Virginia,Patel,Virginia Patel,Female,24-06-2024,Seaford
11367,Calvin,Nara,Calvin Nara,Male,07-07-2024,North Sydney
11368,Edward,Miller,Edward Miller,Male,24-06-2022,Rockhampton
11369,Ashlee,Tang,Ashlee Tang,Female,05-07-2024,Findon
11370,Alicia,Xu,Alicia Xu,Female,13-07-2024,South Melbourne
11371,Lacey,Jai,Lacey Jai,Female,07-11-2024,Rockhampton
11372,Wendy,Romero,Wendy Romero,Female,07-06-2022,Brisbane
11373,Carly,Luo,Carly Luo,Female,27-08-2024,Salzgitter
11374,Jimmy,Ortega,Jimmy Ortega,Male,15-04-2024,Werne
11375,Francisco,Martinez,Francisco Martinez,Male,17-10-2024,High Wycombe
11376,Lance,Vazquez,Lance Vazquez,Male,15-10-2024,Liverpool
11377,David,Robinett,David Robinett,Male,28-02-2024,Solingen
11378,Shannon,Liang,Shannon Liang,Female,17-10-2023,Metz
11379,Gary,Vazquez,Gary Vazquez,Male,02-10-2023,Boulogne-Billancourt
11380,Mitchell,Kumar,Mitchell Kumar,Male,11-10-2022,Saarlouis
11381,Meredith,Raman,Meredith Raman,Female,12-06-2022,London
11382,Edward,Patterson,Edward Patterson,Male,03-11-2023,Roubaix
11383,Marie,Gill,Marie Gill,Female,01-01-2025,Roissy en Brie
11384,Tiffany,Wang,Tiffany Wang,Female,02-08-2024,Les Ulis
11385,Miguel,Allen,Miguel Allen,Male,06-07-2024,York
11386,Jaclyn,Cai,Jaclyn Cai,Female,02-11-2024,Darmstadt
11387,Megan,Ramirez,Megan Ramirez,Female,26-07-2022,Gateshead
11388,Joseph,Martin,Joseph Martin,Male,03-07-2022,York
11389,Karl,Shan,Karl Shan,Male,17-11-2024,Duesseldorf
11390,Christine,Raji,Christine Raji,Female,07-11-2024,Saint Germain en Laye
11391,Lindsay,Xie,Lindsay Xie,Female,26-10-2024,Salzgitter
11392,Willie,Zhao,Willie Zhao,Male,29-03-2024,Frankfurt
11393,Kurt,Pal,Kurt Pal,Male,16-07-2024,Saint Ouen
11394,George,McDonald,George McDonald,Male,04-07-2022,Milton Keynes
11395,Beth,Gutierrez,Beth Gutierrez,Female,14-11-2022,Frankfurt
11396,Ian,Lopez,Ian Lopez,Male,26-10-2024,Saarlouis
11397,Latoya,Shan,Latoya Shan,Female,07-07-2024,Paris
11398,Colin,Nath,Colin Nath,Male,03-07-2022,Newcastle upon Tyne
11399,Brenda,Mehta,Brenda Mehta,Female,13-04-2024,Paris
11400,Franklin,Raji,Franklin Raji,Male,15-07-2022,London
11401,Linda,Navarro,Linda Navarro,Female,28-10-2023,Paris
11402,Kelli,Cai,Kelli Cai,Female,07-11-2023,Orleans
11403,Nancy,Schmidt,Nancy Schmidt,Female,28-10-2023,Saint Ouen
11404,Megan,Taylor,Megan Taylor,Female,10-02-2024,Kassel
11405,Bonnie,Goel,Bonnie Goel,Female,31-03-2024,Bonn
11406,Latoya,Xu,Latoya Xu,Female,04-11-2023,Paris
11407,Mario,She,Mario She,Male,23-06-2024,Münster
11408,Darren,Gill,Darren Gill,Male,05-03-2024,London
11409,Jacqueline,Hayes,Jacqueline Hayes,Female,17-11-2023,Saint Germain en Laye
11410,Maurice,Goel,Maurice Goel,Male,13-11-2023,Paris
11411,Devin,Ross,Devin Ross,Male,04-08-2024,Ingolstadt
11412,Sydney,Bryant,Sydney Bryant,Female,05-11-2022,Ingolstadt
11413,Megan,Stewart,Megan Stewart,Female,10-08-2022,Gateshead
11414,Ian,Richardson,Ian Richardson,Male,13-08-2022,Kirkby
11415,Randy,She,Randy She,Male,16-08-2024,Darmstadt
11416,Katrina,Becker,Katrina Becker,Female,07-11-2023,Croix
11417,Lacey,Zheng,Lacey Zheng,Female,04-11-2023,Pantin
11418,Rafael,Hu,Rafael Hu,Male,17-12-2024,Paderborn
11419,Kyle,Scott,Kyle Scott,Male,12-03-2024,Watford
11420,Jordan,Turner,Jordan Turner,Male,01-11-2023,Roubaix
11421,Amy,Sun,Amy Sun,Female,03-11-2022,Offenbach
11422,Dustin,Deng,Dustin Deng,Male,22-08-2022,Liverpool
11423,Jasmine,Stewart,Jasmine Stewart,Female,10-12-2022,Hamburg
11424,Pamela,Garcia,Pamela Garcia,Female,21-04-2024,Berlin
11425,Ariana,Gray,Ariana Gray,Female,22-11-2023,Metz
11426,Kristopher,Mehta,Kristopher Mehta,Male,09-04-2024,Braunschweig
11427,Desiree,Dominguez,Desiree Dominguez,Female,20-12-2022,Kiel
11428,Deanna,Perez,Deanna Perez,Female,05-12-2022,Poing
11429,Marco,Lopez,Marco Lopez,Male,14-12-2023,Sèvres
11430,Casey,Yuan,Casey Yuan,Female,19-03-2024,Bottrop
11431,Bryant,Garcia,Bryant Garcia,Male,21-12-2022,Hof
11432,Dominique,Prasad,Dominique Prasad,Female,10-12-2023,Roissy en Brie
11433,Maurice,Shan,Maurice Shan,Male,02-12-2023,Tremblay-en-France
11434,Andre,Lopez,Andre Lopez,Male,15-06-2024,West Sussex
11435,Robin,Romero,Robin Romero,Female,04-01-2025,Kiel
11436,Taylor,Cox,Taylor Cox,Female,22-05-2024,Watford
11437,Alfredo,Moreno,Alfredo Moreno,Male,19-12-2024,Villeneuve-d'Ascq
11438,Jenny,Nara,Jenny Nara,Female,05-02-2024,Werne
11439,Janet,Munoz,Janet Munoz,Female,29-11-2023,Paris La Defense
11440,Sergio,Weber,Sergio Weber,Male,27-03-2024,Lille
11441,Erika,Gomez,Erika Gomez,Female,08-01-2025,Paris
11442,Joseph,Harris,Joseph Harris,Male,29-09-2024,Tremblay-en-France
11443,Grace,Griffin,Grace Griffin,Female,07-06-2022,Hobart
11444,Tina,Mehta,Tina Mehta,Female,01-06-2022,Bendigo
11445,Kari,Kim,Kari Kim,Female,06-06-2022,Silverwater
11446,Bethany,Chander,Bethany Chander,Female,18-06-2022,Lane Cove
11447,Jennifer,Roberts,Jennifer Roberts,Female,28-06-2022,Hervey Bay
11448,Kyle,Patterson,Kyle Patterson,Male,16-06-2022,Melbourne
11449,Alvin,Hu,Alvin Hu,Male,19-06-2022,Seaford
11450,Brett,Mehta,Brett Mehta,Male,29-06-2022,Cloverdale
11451,Ruben,Muñoz,Ruben Muñoz,Male,29-07-2022,Newcastle
11452,Erika,Rubio,Erika Rubio,Female,11-07-2022,Caloundra
11453,Stanley,Malhotra,Stanley Malhotra,Male,15-07-2022,Hobart
11454,Melinda,Navarro,Melinda Navarro,Female,31-07-2022,Melbourne
11455,Ross,Sanz,Ross Sanz,Male,01-07-2022,Melton
11456,Jon,Gao,Jon Gao,Male,17-07-2022,St. Leonards
11457,Jaime,Gutierrez,Jaime Gutierrez,Female,17-07-2022,Wollongong
11458,Bianca,Liu,Bianca Liu,Female,30-03-2024,Springwood
11459,Tasha,Deng,Tasha Deng,Female,27-07-2022,Port Macquarie
11460,Melvin,Chande,Melvin Chande,Male,21-07-2022,Cranbourne
11461,Victor,Jimenez,Victor Jimenez,Male,31-07-2022,Lavender Bay
11462,Laura,Lin,Laura Lin,Female,16-07-2022,Matraville
11463,Alisha,Beck,Alisha Beck,Female,05-03-2024,Cloverdale
11464,Alejandro,Huang,Alejandro Huang,Male,22-07-2022,South Melbourne
11465,Louis,Luo,Louis Luo,Male,14-07-2022,Gold Coast
11466,Grant,Tang,Grant Tang,Male,22-05-2024,Lavender Bay
11467,Arturo,Zheng,Arturo Zheng,Male,31-07-2024,St. Leonards
11468,Jaclyn,Andersen,Jaclyn Andersen,Female,08-08-2022,York
11469,Edwin,Raji,Edwin Raji,Male,09-08-2024,York
11470,Jay,Suarez,Jay Suarez,Male,22-01-2023,Stuttgart
11471,Latasha,Suarez,Latasha Suarez,Female,17-05-2024,Chatou
11472,Kenneth,Kumar,Kenneth Kumar,Male,26-07-2022,Hawthorne
11473,Grace,Henderson,Grace Henderson,Female,02-06-2024,Drancy
11474,Melvin,Xu,Melvin Xu,Male,26-09-2024,Peterborough
11475,Cesar,Subram,Cesar Subram,Male,23-04-2024,London
11476,Erika,Navarro,Erika Navarro,Female,01-11-2024,Kirkby
11477,Tristan,Hughes,Tristan Hughes,Male,25-09-2024,Darmstadt
11478,Billy,Hernandez,Billy Hernandez,Male,19-04-2024,Sèvres
11479,Darryl,Wu,Darryl Wu,Male,05-12-2023,Saint Ouen
11480,Colleen,Ma,Colleen Ma,Female,25-12-2023,Tremblay-en-France
11481,Erica,Hu,Erica Hu,Female,27-01-2023,Braunschweig
11482,Adrienne,Torres,Adrienne Torres,Female,08-09-2022,Warrington
11483,Calvin,Chande,Calvin Chande,Male,22-12-2023,Paris
11484,Erick,Sai,Erick Sai,Male,02-01-2023,Neunkirchen
11485,Donald,Chandra,Donald Chandra,Male,14-09-2022,Esher-Molesey
11486,Ariana,Rogers,Ariana Rogers,Female,24-11-2024,Erlangen
11487,Morgan,Jones,Morgan Jones,Female,15-12-2024,Dunkerque
11488,Jermaine,Lopez,Jermaine Lopez,Male,28-10-2022,London
11489,Deborah,Goel,Deborah Goel,Female,28-10-2022,Oxford
11490,Danny,Rubio,Danny Rubio,Male,04-04-2024,Paris La Defense
11491,Andre,Perez,Andre Perez,Male,07-11-2022,London
11492,Terrence,Chander,Terrence Chander,Male,11-02-2023,Eilenburg
11493,Dawn,Wu,Dawn Wu,Female,14-11-2022,London
11494,Jimmy,Gutierrez,Jimmy Gutierrez,Male,23-12-2022,Runcorn
11495,Francis,Jimenez,Francis Jimenez,Male,26-10-2024,Bonn
11496,Gary,Ortega,Gary Ortega,Male,30-11-2022,Warrington
11497,Katrina,Nath,Katrina Nath,Female,04-11-2024,Newcastle upon Tyne
11498,Arturo,Sun,Arturo Sun,Male,28-02-2024,Cliffside
11499,Pedro,Vance,Pedro Vance,Male,06-04-2024,Concord
11500,Sarah,Simmons,Sarah Simmons,Female,31-01-2024,Langley
11501,Brandy,Chandra,Brandy Chandra,Female,27-03-2024,Cliffside
11502,Jared,Peterson,Jared Peterson,Male,30-01-2024,Shawnee
11503,Dennis,Wu,Dennis Wu,Male,26-05-2024,Coronado
11504,Jordan,Baker,Jordan Baker,Female,01-05-2024,Downey
11505,Jasmine,Powell,Jasmine Powell,Female,22-02-2024,Burnaby
11506,Nicholas,Brown,Nicholas Brown,Male,08-03-2024,Port Hammond
11507,Isabella,Russell,Isabella Russell,Female,17-02-2024,Victoria
11508,Elizabeth,Wilson,Elizabeth Wilson,Female,02-05-2024,Lynnwood
11509,Roger,Harui,Roger Harui,Female,29-07-2024,Novato
11510,Seth,Roberts,Seth Roberts,Male,12-03-2024,N. Vancouver
11511,Caleb,Perry,Caleb Perry,Male,13-03-2024,Lebanon
11512,Natalie,Campbell,Natalie Campbell,Female,28-12-2024,Oak Bay
11513,Alyssa,Howard,Alyssa Howard,Female,08-06-2024,Royal Oak
11514,Dalton,Diaz,Dalton Diaz,Male,24-06-2024,Tacoma
11515,Shannon,Huang,Shannon Huang,Female,31-08-2022,Burbank
11516,Mya,Gonzales,Mya Gonzales,Female,15-09-2022,Colma
11517,Katherine,Bryant,Katherine Bryant,Female,26-06-2024,Redwood City
11518,Edward,Washington,Edward Washington,Male,27-10-2024,Milwaukie
11519,Jerome,Navarro,Jerome Navarro,Male,13-03-2024,Cliffside
11520,Jada,Morgan,Jada Morgan,Female,22-02-2024,Port Hammond
11521,Ariana,Peterson,Ariana Peterson,Female,05-03-2024,Walla Walla
11522,Christian,Hughes,Christian Hughes,Male,03-09-2022,Oregon City
11523,Lucas,Taylor,Lucas Taylor,Male,15-02-2024,N. Vancouver
11524,Alyssa,Jackson,Alyssa Jackson,Female,28-08-2024,Torrance
11525,Ariana,Cook,Ariana Cook,Female,06-09-2022,Lebanon
11526,Katherine,Diaz,Katherine Diaz,Female,03-02-2024,Westminster
11527,Jenna,Green,Jenna Green,Female,07-02-2024,San Gabriel
11528,Joan,Washington,Joan Washington,Female,12-09-2022,Glendale
11529,Austin,Bryant,Austin Bryant,Male,24-09-2022,Portland
11530,Andrew,Martinez,Andrew Martinez,Male,28-01-2024,N. Vancouver
11531,Nina,Yuan,Nina Yuan,Female,30-08-2022,Beverly Hills
11532,Lauren,Miller,Lauren Miller,Female,05-04-2024,Redmond
11533,Ebony,Gill,Ebony Gill,Female,14-05-2024,Birmingham
11534,Cameron,Lewis,Cameron Lewis,Male,18-09-2022,Long Beach
11535,Devin,Nelson,Devin Nelson,Male,02-09-2022,Lebanon
11536,Logan,Chow,Logan Chow,Male,24-09-2022,Fremont
11537,Dakota,Ross,Dakota Ross,Male,21-09-2022,Colma
11538,Nicole,Taylor,Nicole Taylor,Female,16-09-2022,Palo Alto
11539,Justin,Washington,Justin Washington,Male,23-09-2022,Concord
11540,Alberto,Navarro,Alberto Navarro,Male,13-09-2022,Coronado
11541,Aidan,Ross,Aidan Ross,Male,12-09-2022,Portland
11542,Alejandro,Tang,Alejandro Tang,Male,11-05-2024,York
11543,Sheena,Chande,Sheena Chande,Female,21-12-2024,Paris
11544,Joel,Garcia,Joel Garcia,Male,28-08-2024,Darmstadt
11545,Reginald,Dominguez,Reginald Dominguez,Male,13-07-2024,Paris
11546,Christine,Chande,Christine Chande,Female,02-12-2023,Roubaix
11547,Cindy,Sai,Cindy Sai,Female,25-12-2023,Paris
11548,Raymond,Sanchez,Raymond Sanchez,Male,02-12-2022,Berkshire
11549,Crystal,Liang,Crystal Liang,Female,21-12-2022,London
11550,Deb,Torres,Deb Torres,Female,20-01-2023,Oxford
11551,Shannon,Alvarez,Shannon Alvarez,Male,01-03-2024,Colombes
11552,Eddie,Rubio,Eddie Rubio,Male,06-01-2025,Salzgitter
11553,Sharon,Luo,Sharon Luo,Female,22-08-2024,Reading
11554,Sydney,Simmons,Sydney Simmons,Female,08-05-2024,Tremblay-en-France
11555,Alexandria,Henderson,Alexandria Henderson,Female,08-05-2024,Esher-Molesey
11556,Lucas,Evans,Lucas Evans,Male,21-12-2024,Warrington
11557,Felicia,Ramos,Felicia Ramos,Female,08-08-2024,York
11558,Ivan,Malhotra,Ivan Malhotra,Male,30-11-2024,Woolston
11559,Frederick,Subram,Frederick Subram,Male,29-11-2024,Solingen
11560,Whitney,Srini,Whitney Srini,Female,03-12-2024,London
11561,Briana,Dominguez,Briana Dominguez,Female,19-02-2023,München
11562,Jarrod,Gonzalez,Jarrod Gonzalez,Male,26-06-2024,Leipzig
11563,Cesar,Srini,Cesar Srini,Male,05-07-2024,London
11564,Jorge,Liang,Jorge Liang,Male,16-02-2023,Frankfurt am Main
11565,Erik,Diaz,Erik Diaz,Male,08-09-2024,Berks
11566,April,Shan,April Shan,Female,28-01-2024,Cergy
11567,Carla,Perez,Carla Perez,Female,15-03-2024,Berlin
11568,Alexia,Foster,Alexia Foster,Female,10-01-2023,Cheltenham
11569,Troy,Malhotra,Troy Malhotra,Male,20-11-2024,West Sussex
11570,Kristin,Andersen,Kristin Andersen,Female,25-03-2023,Berlin
11571,Joel,Sai,Joel Sai,Male,12-12-2023,Orleans
11572,Billy,Moreno,Billy Moreno,Male,09-12-2023,Dunkerque
11573,Meagan,Subram,Meagan Subram,Female,27-07-2024,Woolston
11574,Karla,Luo,Karla Luo,Female,15-03-2024,West Sussex
11575,Jackson,Campbell,Jackson Campbell,Male,20-01-2023,Leeds
11576,Micah,Zhu,Micah Zhu,Male,15-12-2023,Croix
11577,Janet,Serrano,Janet Serrano,Female,21-12-2023,Paris
11578,Trisha,Huang,Trisha Huang,Female,29-11-2023,Pantin
11579,Clayton,Beck,Clayton Beck,Male,31-07-2024,Warrington
11580,Melvin,Raje,Melvin Raje,Male,16-04-2024,Berkshire
11581,Cindy,Jordan,Cindy Jordan,Female,11-02-2024,Paris
11582,Claudia,Ma,Claudia Ma,Female,07-12-2023,Pantin
11583,Karla,Xu,Karla Xu,Female,21-12-2023,Chatou
11584,Devin,Carter,Devin Carter,Male,16-09-2024,Neunkirchen
11585,Kari,Perez,Kari Perez,Female,10-01-2025,Billericay
11586,Alberto,Romero,Alberto Romero,Male,28-10-2024,York
11587,Kevin,Bryant,Kevin Bryant,Male,29-11-2023,Metz
11588,Candace,Mehta,Candace Mehta,Female,29-11-2023,Saint-Denis
11589,Ebony,Malhotra,Ebony Malhotra,Female,04-06-2024,London
11590,Erika,Diaz,Erika Diaz,Female,01-12-2023,Drancy
11591,Stacey,Lu,Stacey Lu,Female,11-01-2022,Versailles
11592,Darrell,Raji,Darrell Raji,Male,11-01-2022,Paris
11593,Armando,Moreno,Armando Moreno,Male,21-01-2022,Orleans
11594,Corey,Goel,Corey Goel,Male,17-08-2024,Verrieres Le Buisson
11595,Sebastian,Howard,Sebastian Howard,Male,30-12-2024,Erlangen
11596,Roger,Raje,Roger Raje,Male,01-10-2024,Runcorn
11597,Janelle,Chandra,Janelle Chandra,Female,05-01-2025,Orly
11598,Meredith,Ruiz,Meredith Ruiz,Female,11-03-2023,Saarbrücken
11599,Melody,Diaz,Melody Diaz,Female,18-01-2022,Les Ulis
11600,Linda,Rubio,Linda Rubio,Female,06-05-2024,Sèvres
11601,Ivan,Raman,Ivan Raman,Male,19-01-2022,Versailles
11602,Larry,Gill,Larry Gill,Male,10-07-2024,Salzgitter
11603,Geoffrey,Gonzalez,Geoffrey Gonzalez,Male,18-01-2023,London
11604,Edgar,Sanchez,Edgar Sanchez,Male,03-01-2023,Wokingham
11605,Heidi,Subram,Heidi Subram,Female,08-03-2023,Stuttgart
11606,Melody,Ramos,Melody Ramos,Female,08-01-2022,Morangis
11607,Clinton,Moreno,Clinton Moreno,Male,19-01-2022,Paris
11608,Cesar,Madan,Cesar Madan,Male,13-12-2024,Paris La Defense
11609,Eugene,Ye,Eugene Ye,Male,28-01-2023,York
11610,Blake,Collins,Blake Collins,Male,10-01-2023,Stoke-on-Trent
11611,Ernest,Lin,Ernest Lin,Male,23-01-2022,Orleans
11612,Keith,Andersen,Keith Andersen,Male,02-02-2023,Berkshire
11613,Meredith,Prasad,Meredith Prasad,Female,13-05-2023,Leipzig
11614,Katrina,Sharma,Katrina Sharma,Female,10-05-2023,Offenbach
11615,Dwayne,Navarro,Dwayne Navarro,Male,22-02-2023,Lancaster
11616,Casey,Nath,Casey Nath,Female,03-02-2023,Milton Keynes
11617,Sean,Brooks,Sean Brooks,Male,10-09-2022,Grossmont
11618,Brian,Ramirez,Brian Ramirez,Male,09-02-2024,Cliffside
11619,Sierra,Young,Sierra Young,Female,08-02-2024,Victoria
11620,Megan,Rodriguez,Megan Rodriguez,Female,08-02-2024,Bellingham
11621,Leah,She,Leah She,Female,01-08-2024,Bremerton
11622,Gabriel,Allen,Gabriel Allen,Male,08-04-2024,Kirkland
11623,Angela,Perry,Angela Perry,Female,07-09-2022,Fremont
11624,Ryan,Smith,Ryan Smith,Male,21-09-2022,Mill Valley
11625,Zachary,Moore,Zachary Moore,Male,24-09-2022,Palo Alto
11626,Destiny,Rogers,Destiny Rogers,Female,01-09-2022,San Francisco
11627,Dalton,Gray,Dalton Gray,Male,27-08-2024,Spring Valley
11628,Mariah,Wood,Mariah Wood,Female,12-09-2022,Bellflower
11629,Isaiah,Wright,Isaiah Wright,Male,25-09-2022,Newport Beach
11630,Haley,Powell,Haley Powell,Female,21-09-2022,Seattle
11631,Antonio,Bennett,Antonio Bennett,Male,07-02-2024,Langley
11632,Alexandra,Jenkins,Alexandra Jenkins,Female,30-01-2024,Langford
11633,Thomas,Anderson,Thomas Anderson,Male,13-11-2024,Burien
11634,Samuel,Collins,Samuel Collins,Male,11-03-2024,Puyallup
11635,Darrell,Chande,Darrell Chande,Male,08-02-2024,Beverly Hills
11636,Kimberly,Cox,Kimberly Cox,Female,11-09-2024,Daly City
11637,Morgan,Hernandez,Morgan Hernandez,Female,08-02-2024,Los Angeles
11638,Antonio,Powell,Antonio Powell,Male,19-10-2024,Mill Valley
11639,Angelica,Perry,Angelica Perry,Female,09-11-2024,Mill Valley
11640,Chloe,Wilson,Chloe Wilson,Female,15-03-2024,Langford
11641,James,Chen,James Chen,Male,30-01-2024,Cliffside
11642,Morgan,Hughes,Morgan Hughes,Female,09-02-2024,Oak Bay
11643,Naomi,Munoz,Naomi Munoz,Female,21-04-2024,Burien
11644,Charles,Torres,Charles Torres,Male,17-05-2024,Redmond
11645,Gabriella,Turner,Gabriella Turner,Female,10-11-2024,Salem
11646,Anna,Foster,Anna Foster,Female,15-07-2024,Burien
11647,Randy,Wu,Randy Wu,Male,15-02-2024,Cliffside
11648,Kevin,Scott,Kevin Scott,Male,28-08-2024,Chula Vista
11649,Ian,White,Ian White,Male,05-04-2024,Newport Beach
11650,Caleb,Hayes,Caleb Hayes,Male,15-02-2024,Glendale
11651,Patricia,Garcia,Patricia Garcia,Female,04-03-2024,Cliffside
11652,Samuel,Russell,Samuel Russell,Male,26-06-2024,Vancouver
11653,Sydney,Peterson,Sydney Peterson,Female,16-04-2024,Lebanon
11654,Ariana,Sanchez,Ariana Sanchez,Female,18-10-2022,Bellflower
11655,Tamara,Sharma,Tamara Sharma,Female,29-09-2024,Concord
11656,Katelyn,Perez,Katelyn Perez,Female,11-09-2024,Imperial Beach
11657,Megan,Cox,Megan Cox,Female,25-05-2024,Novato
11658,Robert,Mitchell,Robert Mitchell,Male,23-04-2024,Oakland
11659,Miguel,Adams,Miguel Adams,Male,09-05-2024,Sooke
11660,Miranda,Gonzales,Miranda Gonzales,Female,08-05-2024,Port Hammond
11661,Jeremiah,James,Jeremiah James,Male,06-04-2024,Cliffside
11662,Ethan,Kumar,Ethan Kumar,Male,06-05-2024,Milwaukie
11663,Seth,Williams,Seth Williams,Male,28-10-2022,Walla Walla
11664,Alyssa,Morgan,Alyssa Morgan,Female,27-10-2022,Burlingame
11665,Janet,Dominguez,Janet Dominguez,Female,13-10-2022,Chula Vista
11666,Angel,Baker,Angel Baker,Male,17-10-2022,Torrance
11667,Blake,Moore,Blake Moore,Male,04-07-2024,Walla Walla
11668,Jada,Collins,Jada Collins,Female,16-12-2024,Beverly Hills
11669,Isabella,Simmons,Isabella Simmons,Female,18-08-2024,Tacoma
11670,Jacqueline,Perry,Jacqueline Perry,Female,13-04-2024,Grossmont
11671,Jessica,Brown,Jessica Brown,Female,21-10-2022,El Cajon
11672,Chad,Jai,Chad Jai,Male,25-07-2024,Beverly Hills
11673,Susan,Ye,Susan Ye,Female,30-01-2024,Burien
11674,Morgan,Rogers,Morgan Rogers,Female,30-05-2024,Woodland Hills
11675,Devin,Martinez,Devin Martinez,Male,25-10-2022,Everett
11676,Alan,Hu,Alan Hu,Male,20-08-2024,Branch
11677,Charles,Walker,Charles Walker,Male,05-04-2024,Haney
11678,Johnny,Chavez,Johnny Chavez,Male,10-10-2022,Cheyenne
11679,Dalton,Richardson,Dalton Richardson,Male,13-10-2024,Puyallup
11680,Kaylee,Nelson,Kaylee Nelson,Female,01-09-2024,Redmond
11681,Abigail,Jones,Abigail Jones,Female,07-03-2024,Spokane
11682,Kaitlyn,Hall,Kaitlyn Hall,Female,05-09-2024,Tacoma
11683,Greg,Taylor,Greg Taylor,Male,05-10-2022,El Cajon
11684,Devin,Parker,Devin Parker,Male,01-07-2024,Redmond
11685,Jose,Griffin,Jose Griffin,Male,11-03-2024,Milwaukie
11686,Luke,Edwards,Luke Edwards,Male,08-03-2024,Glendale
11687,Cody,Torres,Cody Torres,Male,12-04-2024,La Jolla
11688,Victoria,Morris,Victoria Morris,Female,02-10-2022,Sedro Woolley
11689,Ian,Diaz,Ian Diaz,Male,26-08-2024,Edmonds
11690,Caroline,Butler,Caroline Butler,Female,25-10-2022,Port Orchard
11691,Kaitlyn,Wilson,Kaitlyn Wilson,Female,08-02-2024,Imperial Beach
11692,Caleb,Gonzales,Caleb Gonzales,Male,07-07-2024,Burbank
11693,Hailey,Diaz,Hailey Diaz,Female,28-01-2024,Haney
11694,Jonathon,Ortega,Jonathon Ortega,Male,11-04-2024,Colma
11695,Logan,Campbell,Logan Campbell,Male,09-04-2024,Beverly Hills
11696,Mackenzie,Campbell,Mackenzie Campbell,Female,01-10-2022,Tacoma
11697,Eduardo,Lee,Eduardo Lee,Male,07-08-2024,Oakland
11698,Jackson,Wright,Jackson Wright,Male,31-03-2024,Metchosin
11699,Chase,Peterson,Chase Peterson,Male,29-05-2024,Walla Walla
11700,Xavier,Richardson,Xavier Richardson,Male,02-02-2024,Woodland Hills
11701,David,Hayes,David Hayes,Male,24-04-2024,Novato
11702,Jenny,Zhou,Jenny Zhou,Female,17-05-2024,Burlingame
11703,Kaylee,Baker,Kaylee Baker,Female,13-02-2024,La Jolla
11704,Evan,Hernandez,Evan Hernandez,Male,07-07-2024,Santa Cruz
11705,Brooke,Richardson,Brooke Richardson,Female,28-10-2022,Woodland Hills
11706,Blake,Perez,Blake Perez,Male,08-03-2024,Burlingame
11707,Natalie,Cook,Natalie Cook,Female,10-10-2022,Woodland Hills
11708,Elizabeth,Weisman,Elizabeth Weisman,Female,25-10-2022,Lincoln Acres
11709,Hailey,Collins,Hailey Collins,Female,11-03-2024,Victoria
11710,Zoe,Ramirez,Zoe Ramirez,Female,23-11-2024,La Jolla
11711,Daniel,Davis,Daniel Davis,Male,07-02-2024,N. Vancouver
11712,Shelby,Rogers,Shelby Rogers,Female,04-02-2024,Haney
11713,Kyle,Zhang,Kyle Zhang,Male,07-07-2024,Kirkland
11714,Alexandria,Long,Alexandria Long,Female,18-02-2024,San Diego
11715,Chloe,Robinson,Chloe Robinson,Female,26-12-2024,San Gabriel
11716,Evan,Kelly,Evan Kelly,Male,31-05-2024,Daly City
11717,Marcus,Jones,Marcus Jones,Male,25-05-2024,Corvallis
11718,Sarah,Jones,Sarah Jones,Female,06-03-2024,Oregon City
11719,Blake,Green,Blake Green,Male,26-04-2024,Cliffside
11720,Morgan,Morris,Morgan Morris,Female,17-05-2024,San Diego
11721,Jennifer,Alexander,Jennifer Alexander,Female,15-06-2024,Lincoln Acres
11722,Julian,Hughes,Julian Hughes,Male,30-07-2024,Bellingham
11723,Luke,Coleman,Luke Coleman,Male,31-01-2024,Shawnee
11724,Jason,Carter,Jason Carter,Male,05-02-2024,Shawnee
11725,Jose,Li,Jose Li,Male,01-04-2024,Burien
11726,Micah,Liang,Micah Liang,Male,10-10-2024,Burien
11727,Benjamin,Taylor,Benjamin Taylor,Male,12-10-2022,National City
11728,Logan,White,Logan White,Male,11-06-2024,Woodburn
11729,Caleb,Campbell,Caleb Campbell,Male,27-07-2024,Kirkland
11730,Emma,Torres,Emma Torres,Female,11-05-2024,Redmond
11731,Tanya,Gill,Tanya Gill,Female,16-03-2024,Burlingame
11732,Erick,Sanchez,Erick Sanchez,Male,09-06-2024,Cincinnati
11733,Kristi,Schmidt,Kristi Schmidt,Female,01-01-2025,Concord
11734,Omar,Chen,Omar Chen,Male,21-06-2024,Coronado
11735,Sydney,Gray,Sydney Gray,Female,24-02-2024,Lynnwood
11736,Sebastian,Sanchez,Sebastian Sanchez,Male,17-10-2024,Fremont
11737,Megan,Martin,Megan Martin,Female,14-02-2024,Redwood City
11738,Elijah,Alexander,Elijah Alexander,Male,02-02-2024,Oak Bay
11739,Aaron,King,Aaron King,Male,13-01-2024,Shawnee
11740,Jan,Hall,Jan Hall,Female,07-03-2024,Vancouver
11741,Tamara,Chander,Tamara Chander,Female,15-10-2022,Chula Vista
11742,Edward,Lewis,Edward Lewis,Male,03-10-2022,Redwood City
11743,Chase,Kelly,Chase Kelly,Male,25-10-2022,Spring Valley
11744,Stephanie,Campbell,Stephanie Campbell,Female,13-04-2024,Spring Valley
11745,Allison,Gonzalez,Allison Gonzalez,Female,10-10-2022,Walla Walla
11746,Seth,Brooks,Seth Brooks,Male,28-01-2024,Tacoma
11747,Destiny,Davis,Destiny Davis,Female,07-08-2024,Edmonds
11748,Blake,Hill,Blake Hill,Male,07-06-2024,Victoria
11749,Eduardo,Jackson,Eduardo Jackson,Male,08-04-2024,Coffs Harbour
11750,Latoya,She,Latoya She,Female,14-07-2022,Newcastle
11751,Victoria,Gonzales,Victoria Gonzales,Female,08-07-2022,Melton
11752,Lauren,Bryant,Lauren Bryant,Female,27-02-2024,Goulburn
11753,Felicia,Ortega,Felicia Ortega,Female,19-04-2024,Coffs Harbour
11754,Janet,Ortega,Janet Ortega,Female,16-07-2022,Malabar
11755,Willie,Pal,Willie Pal,Male,31-05-2024,Hervey Bay
11756,Linda,Ortega,Linda Ortega,Female,28-07-2022,St. Leonards
11757,Vincent,Cai,Vincent Cai,Male,23-02-2024,Cranbourne
11758,Colin,Yuan,Colin Yuan,Male,30-03-2024,Darlinghurst
11759,Dawn,Nath,Dawn Nath,Female,10-07-2022,Cloverdale
11760,Melody,Moreno,Melody Moreno,Female,31-03-2024,Findon
11761,Edgar,Mehta,Edgar Mehta,Male,05-08-2022,Hobart
11762,Randall,Gomez,Randall Gomez,Male,07-08-2022,Wollongong
11763,Ross,Fernandez,Ross Fernandez,Male,30-01-2024,Springwood
11764,Jessie,Ramos,Jessie Ramos,Female,09-09-2022,Newcastle
11765,Marc,Torres,Marc Torres,Male,12-09-2022,North Ryde
11766,Candace,Raman,Candace Raman,Female,19-09-2022,South Melbourne
11767,Meagan,Madan,Meagan Madan,Female,17-09-2022,Hawthorne
11768,Clayton,Nara,Clayton Nara,Male,03-09-2022,Perth
11769,Haley,Hernandez,Haley Hernandez,Female,28-04-2024,Newton
11770,Peter,Nara,Peter Nara,Male,08-08-2024,Ballard
11771,Isaac,Rivera,Isaac Rivera,Male,31-03-2024,Marysville
11772,Cameron,Moore,Cameron Moore,Male,08-10-2022,Tacoma
11773,Gavin,Diaz,Gavin Diaz,Male,23-10-2022,El Cajon
11774,Emma,Sanchez,Emma Sanchez,Female,26-10-2022,National City
11775,Sierra,Roberts,Sierra Roberts,Female,03-10-2022,Palo Alto
11776,Seth,Mitchell,Seth Mitchell,Male,05-10-2022,Santa Cruz
11777,Miranda,Long,Miranda Long,Female,14-10-2022,Burlingame
11778,Haley,Henderson,Haley Henderson,Female,27-10-2022,Sedro Woolley
11779,Sarah,Jackson,Sarah Jackson,Female,17-10-2022,Woodburn
11780,Jessica,Alexander,Jessica Alexander,Female,15-10-2022,Edmonds
11781,Carlos,Gray,Carlos Gray,Male,06-03-2024,Daly City
11782,Barbara,Jai,Barbara Jai,Female,02-08-2024,Burbank
11783,Sara,Mitchell,Sara Mitchell,Female,23-03-2024,San Diego
11784,Jose,Turner,Jose Turner,Male,12-04-2024,Metchosin
11785,Theodore,Diaz,Theodore Diaz,Male,21-04-2024,Ballard
11786,Ian,Murphy,Ian Murphy,Male,29-12-2024,Redmond
11787,Jerry,Nath,Jerry Nath,Male,13-10-2024,Burbank
11788,Destiny,James,Destiny James,Female,09-05-2024,Los Angeles
11789,Bailey,Phillips,Bailey Phillips,Female,07-03-2024,National City
11790,Timothy,Gonzalez,Timothy Gonzalez,Male,11-03-2024,Chula Vista
11791,Chase,Morgan,Chase Morgan,Male,29-09-2024,Spokane
11792,Alexia,Perry,Alexia Perry,Female,03-05-2024,Colma
11793,Xavier,Rogers,Xavier Rogers,Male,04-02-2024,Burbank
11794,Lauren,Ross,Lauren Ross,Female,28-11-2024,Lakewood
11795,Nicole,Thomas,Nicole Thomas,Female,12-07-2024,Downey
11796,Isabel,Jenkins,Isabel Jenkins,Female,16-10-2022,Downey
11797,Devin,Coleman,Devin Coleman,Male,14-10-2022,Oakland
11798,Brendan,Chande,Brendan Chande,Male,15-10-2022,Bremerton
11799,Jessie,Wang,Jessie Wang,Male,10-10-2022,Burien
11800,Jennifer,Baker,Jennifer Baker,Female,10-08-2024,Beaverton
11801,Aaron,Sharma,Aaron Sharma,Male,12-12-2024,Beaverton
11802,Madison,Taylor,Madison Taylor,Female,25-02-2024,Oak Bay
11803,Jan,Hernandez,Jan Hernandez,Female,29-07-2024,Olympia
11804,Haley,Turner,Haley Turner,Female,29-05-2024,Redmond
11805,Richard,Green,Richard Green,Male,23-04-2024,Beverly Hills
11806,Jennifer,Stewart,Jennifer Stewart,Female,21-02-2024,Burlingame
11807,Lucas,Baker,Lucas Baker,Male,13-04-2024,National City
11808,James,Parker,James Parker,Male,26-03-2024,N. Vancouver
11809,Juan,Gray,Juan Gray,Male,21-10-2022,Beverly Hills
11810,Antonio,Washington,Antonio Washington,Male,20-10-2022,Bremerton
11811,Abigail,Brooks,Abigail Brooks,Female,15-10-2022,Colma
11812,Andrew,Rodriguez,Andrew Rodriguez,Male,03-10-2022,Walla Walla
11813,Mary,Patterson,Mary Patterson,Female,16-10-2022,W. Linn
11814,Dalton,Morgan,Dalton Morgan,Male,23-06-2024,Lake Oswego
11815,Hannah,Patterson,Hannah Patterson,Female,02-10-2022,Tacoma
11816,Joe,Torres,Joe Torres,Male,02-10-2022,Beverly Hills
11817,Morgan,Miller,Morgan Miller,Female,13-10-2022,Colma
11818,Daniel,Garcia,Daniel Garcia,Male,21-10-2022,Coronado
11819,Jose,Lal,Jose Lal,Male,15-02-2024,Everett
11820,Katelyn,Lopez,Katelyn Lopez,Female,09-02-2024,Victoria
11821,Austin,Johnson,Austin Johnson,Male,30-07-2024,Beverly Hills
11822,Rohinton,Wadia,Rohinton Wadia,Female,20-05-2024,Lincoln Acres
11823,Morgan,Turner,Morgan Turner,Female,18-05-2024,Metchosin
11824,Jill,Martin,Jill Martin,Female,18-03-2024,Newton
11825,Aimee,She,Aimee She,Female,16-10-2022,Bellflower
11826,Jessie,Alonso,Jessie Alonso,Female,27-10-2022,Beverly Hills
11827,Sara,Baker,Sara Baker,Female,20-02-2024,Newton
11828,Katherine,Martinez,Katherine Martinez,Female,03-04-2024,Milwaukie
11829,Sophia,Campbell,Sophia Campbell,Female,13-03-2024,Seattle
11830,Taylor,Garcia,Taylor Garcia,Female,29-09-2022,Lincoln Acres
11831,Christian,Ross,Christian Ross,Male,27-10-2022,San Carlos
11832,Zoe,Murphy,Zoe Murphy,Female,18-02-2024,Walla Walla
11833,Oscar,Price,Oscar Price,Male,12-06-2024,Oak Bay
11834,Fernando,Flores,Fernando Flores,Male,22-10-2022,Mill Valley
11835,Elijah,Russell,Elijah Russell,Male,10-01-2024,Metchosin
11836,Garrett,Travers,Garrett Travers,Male,24-03-2024,Everett
11837,Haley,Alexander,Haley Alexander,Female,13-10-2022,San Francisco
11838,Justin,Rodriguez,Justin Rodriguez,Male,31-05-2024,Beaverton
11839,Tyler,Brown,Tyler Brown,Male,26-10-2022,Santa Monica
11840,Julian,Patterson,Julian Patterson,Male,30-04-2024,Lincoln Acres
11841,Sean,Nelson,Sean Nelson,Male,20-05-2024,Langley
11842,Justin,Wilson,Justin Wilson,Male,12-05-2024,Olympia
11843,Christy,Nara,Christy Nara,Female,07-02-2024,Beaverton
11844,Michele,Alvarez,Michele Alvarez,Female,05-10-2024,Chula Vista
11845,Natalie,Jones,Natalie Jones,Female,13-02-2024,Shawnee
11846,Savannah,Reed,Savannah Reed,Female,28-04-2024,Long Beach
11847,Cassidy,Diaz,Cassidy Diaz,Female,28-06-2024,Portland
11848,Joshua,Lewis,Joshua Lewis,Male,27-07-2024,Yakima
11849,Faith,Reed,Faith Reed,Female,27-11-2024,La Jolla
11850,Brooke,Ramirez,Brooke Ramirez,Female,08-04-2024,Novato
11851,Jada,Mitchell,Jada Mitchell,Female,16-06-2024,Concord
11852,Kyle,Russell,Kyle Russell,Male,10-07-2024,Lakewood
11853,Grace,Jones,Grace Jones,Female,10-05-2024,Concord
11854,Jason,Mitchell,Jason Mitchell,Male,25-10-2022,West Covina
11855,Christian,Walker,Christian Walker,Male,27-04-2024,Burlingame
11856,Seth,Hernandez,Seth Hernandez,Male,29-11-2024,Corvallis
11857,Isabella,Young,Isabella Young,Female,06-10-2024,Edmonds
11858,Jordan,Coleman,Jordan Coleman,Male,27-03-2024,San Gabriel
11859,Blake,Garcia,Blake Garcia,Male,22-04-2024,Olympia
11860,Nicole,Walker,Nicole Walker,Female,03-07-2024,National City
11861,Katherine,Carter,Katherine Carter,Female,14-05-2024,Westminster
11862,Olivia,Peterson,Olivia Peterson,Female,16-05-2024,Everett
11863,Jessica,Wood,Jessica Wood,Female,03-09-2024,Sedro Woolley
11864,Elizabeth,Thompson,Elizabeth Thompson,Female,01-03-2024,Tacoma
11865,Chloe,Rivera,Chloe Rivera,Female,17-02-2024,National City
11866,Lucas,Scott,Lucas Scott,Male,18-02-2024,Glendale
11867,Nathaniel,James,Nathaniel James,Male,04-06-2024,National City
11868,Jessica,Peterson,Jessica Peterson,Female,02-02-2024,Vancouver
11869,Kaitlyn,Adams,Kaitlyn Adams,Female,20-03-2024,Westminster
11870,Jillian,Garcia,Jillian Garcia,Female,20-07-2024,Burien
11871,Dalton,Bennett,Dalton Bennett,Male,23-02-2024,Lynnwood
11872,Faith,Patterson,Faith Patterson,Female,21-10-2022,Glendale
11873,Ryan,Zhang,Ryan Zhang,Male,07-10-2022,Spring Valley
11874,Adrian,Bell,Adrian Bell,Male,19-07-2024,Woodland Hills
11875,Jonathan,Brown,Jonathan Brown,Male,20-04-2024,Langford
11876,Madison,White,Madison White,Female,19-06-2024,Oakland
11877,Alexis,Diaz,Alexis Diaz,Female,05-10-2024,Newport Beach
11878,Christine,Nara,Christine Nara,Female,30-11-2024,Ballard
11879,Edgar,Sai,Edgar Sai,Male,27-02-2024,Beaverton
11880,Melissa,Sanchez,Melissa Sanchez,Female,10-04-2024,Salem
11881,Richard,Mitchell,Richard Mitchell,Male,02-12-2024,Grossmont
11882,Patrick,Stewart,Patrick Stewart,Male,17-02-2024,Seattle
11883,Hannah,Anderson,Hannah Anderson,Female,21-02-2024,Burien
11884,Latoya,Shen,Latoya Shen,Female,17-02-2024,Ballard
11885,Kurt,Sharma,Kurt Sharma,Male,28-10-2022,Burlingame
11886,Katelyn,Parker,Katelyn Parker,Female,28-10-2022,Santa Monica
11887,Joseph,White,Joseph White,Male,28-05-2024,Coronado
11888,Aaron,Ross,Aaron Ross,Male,18-03-2024,Cliffside
11889,Blake,Patterson,Blake Patterson,Male,23-02-2024,Puyallup
11890,Whitney,Lopez,Whitney Lopez,Female,29-03-2024,Berkeley
11891,Jamie,Liang,Jamie Liang,Female,07-03-2024,Beverly Hills
11892,Julio,Ortega,Julio Ortega,Male,04-09-2022,Rhodes
11893,Orlando,Carlson,Orlando Carlson,Male,31-08-2022,Sydney
11894,Ann,Gonzalez,Ann Gonzalez,Female,22-09-2022,Hervey Bay
11895,Dustin,Chander,Dustin Chander,Male,12-09-2022,Gold Coast
11896,Frank,Carlson,Frank Carlson,Male,01-09-2022,Springwood
11897,Orlando,Ashe,Orlando Ashe,Male,30-08-2022,South Melbourne
11898,Angela,Henderson,Angela Henderson,Female,14-09-2022,Brisbane
11899,Brenda,Perez,Brenda Perez,Female,04-09-2022,Melton
11900,Byron,Carlson,Byron Carlson,Male,21-09-2022,Newcastle
11901,Stacy,Alvarez,Stacy Alvarez,Female,10-09-2022,Darlinghurst
11902,Drew,Pal,Drew Pal,Male,21-02-2024,Malabar
11903,Kate,Raji,Kate Raji,Female,21-09-2022,Caloundra
11904,Kaylee,Cook,Kaylee Cook,Female,17-09-2022,Geelong
11905,Isaiah,Ramirez,Isaiah Ramirez,Male,29-08-2022,Hobart
11906,Gabriella,Sanders,Gabriella Sanders,Female,10-09-2022,Brisbane
11907,Sarah,Garcia,Sarah Garcia,Female,28-09-2022,Wollongong
11908,Rafael,Tang,Rafael Tang,Male,19-09-2022,South Melbourne
11909,Nichole,She,Nichole She,Female,20-09-2022,Rockhampton
11910,Jaclyn,Zheng,Jaclyn Zheng,Female,09-10-2022,Goulburn
11911,Rachael,Kapoor,Rachael Kapoor,Female,01-06-2024,Geelong
11912,Rachael,Sai,Rachael Sai,Female,27-10-2022,Townsville
11913,Rebecca,Robinson,Rebecca Robinson,Female,03-12-2024,Seaford
11914,Meagan,Rana,Meagan Rana,Female,18-10-2022,Port Macquarie
11915,Philip,Carlson,Philip Carlson,Male,02-10-2022,Port Macquarie
11916,Joe,Rana,Joe Rana,Male,01-10-2022,Warrnambool
11917,Roy,Sanz,Roy Sanz,Male,27-10-2022,Darlinghurst
11918,Kaylee,Hill,Kaylee Hill,Female,13-10-2022,Coffs Harbour
11919,Warren,Andersen,Warren Andersen,Male,05-10-2022,Rockhampton
11920,Adrienne,Gomez,Adrienne Gomez,Female,10-10-2022,Brisbane
11921,Gilbert,Zhu,Gilbert Zhu,Male,19-09-2024,Cranbourne
11922,James,Davis,James Davis,Male,15-02-2024,Victoria
11923,Sarah,Bryant,Sarah Bryant,Female,12-02-2024,National City
11924,Ian,Long,Ian Long,Male,26-10-2022,Novato
11925,Ashlee,Jai,Ashlee Jai,Female,09-10-2022,Bellingham
11926,Eduardo,Foster,Eduardo Foster,Male,04-05-2024,Oregon City
11927,Nicole,Murphy,Nicole Murphy,Female,09-01-2025,Sedro Woolley
11928,Isabella,Morris,Isabella Morris,Female,31-05-2024,El Cajon
11929,Virginia,Gonzalez,Virginia Gonzalez,Female,14-10-2022,St. Leonards
11930,Jaclyn,Nara,Jaclyn Nara,Female,14-10-2022,North Sydney
11931,Marcus,Adams,Marcus Adams,Male,16-02-2024,Palo Alto
11932,Elizabeth,Coleman,Elizabeth Coleman,Female,29-04-2024,Santa Monica
11933,Mathew,Rubio,Mathew Rubio,Male,13-10-2022,Bellingham
11934,Justin,Shan,Justin Shan,Male,19-11-2022,Burien
11935,Jessica,Taylor,Jessica Taylor,Female,06-06-2024,Lebanon
11936,Hunter,Clark,Hunter Clark,Male,05-04-2024,Redmond
11937,Devin,Perez,Devin Perez,Male,29-10-2022,Salem
11938,Seth,Alexander,Seth Alexander,Male,07-03-2024,Daly City
11939,Kevin,Washington,Kevin Washington,Male,10-11-2022,Imperial Beach
11940,Tyler,Miller,Tyler Miller,Male,02-08-2024,Woodland Hills
11941,Adam,Roberts,Adam Roberts,Male,07-08-2024,Woodburn
11942,George,Gonzalez,George Gonzalez,Male,15-10-2022,Newcastle
11943,Dawn,Huang,Dawn Huang,Female,18-10-2022,Warrnambool
11944,Rachael,Rodriguez,Rachael Rodriguez,Female,19-10-2022,Silverwater
11945,Dennis,Huang,Dennis Huang,Male,29-10-2022,Concord
11946,Brandy,Saunders,Brandy Saunders,Female,21-10-2022,Sydney
11947,Jenny,Zheng,Jenny Zheng,Female,13-10-2022,Rhodes
11948,Tasha,Xu,Tasha Xu,Female,06-09-2024,St. Leonards
11949,Julia,Brooks,Julia Brooks,Female,16-07-2024,Torrance
11950,Jordan,Carter,Jordan Carter,Female,17-02-2024,Coronado
11951,Lacey,Huang,Lacey Huang,Female,20-08-2024,Melbourne
11952,Dorothy,Robinson,Dorothy Robinson,Male,05-10-2022,Geelong
11953,Courtney,Wright,Courtney Wright,Female,09-02-2024,Milwaukie
11954,Joseph,Garcia,Joseph Garcia,Male,01-11-2022,Glendale
11955,Gabriel,Green,Gabriel Green,Male,29-10-2022,Glendale
11956,Alexandria,Sandberg,Alexandria Sandberg,Female,31-10-2022,Beverly Hills
11957,Courtney,Hernandez,Courtney Hernandez,Female,12-02-2024,Redmond
11958,Dylan,Lal,Dylan Lal,Male,16-06-2024,Bremerton
11959,Elizabeth,Davis,Elizabeth Davis,Female,23-03-2024,Lemon Grove
11960,Ana,Griffin,Ana Griffin,Female,25-03-2024,Redmond
11961,Anne,Alvarez,Anne Alvarez,Female,11-02-2024,Berkeley
11962,Alexandra,Roberts,Alexandra Roberts,Female,11-08-2024,Bellflower
11963,Antonio,Patterson,Antonio Patterson,Male,22-10-2022,Coffs Harbour
11964,Sharon,Salavaria,Sharon Salavaria,Male,14-10-2022,East Brisbane
11965,Katie,She,Katie She,Female,10-02-2024,Matraville
11966,Rafael,Black,Rafael Black,Male,01-11-2024,Bendigo
11967,Latasha,Munoz,Latasha Munoz,Female,23-10-2022,Hervey Bay
11968,Kelsey,Becker,Kelsey Becker,Female,28-10-2022,Milsons Point
11969,Randy,Xu,Randy Xu,Male,19-10-2022,Perth
11970,Bailey,Collins,Bailey Collins,Female,25-05-2024,W. Linn
11971,Amanda,Adams,Amanda Adams,Female,15-04-2024,Fremont
11972,Katherine,Williams,Katherine Williams,Female,09-11-2024,Edmonds
11973,Caroline,Barnes,Caroline Barnes,Female,27-02-2024,Renton
11974,Randy,Sun,Randy Sun,Male,30-10-2024,Berkeley
11975,Destiny,Garcia,Destiny Garcia,Female,17-07-2024,Chula Vista
11976,Audrey,Ramos,Audrey Ramos,Female,25-10-2022,North Sydney
11977,Bonnie,Jai,Bonnie Jai,Female,01-11-2022,Newcastle
11978,Jackson,Washington,Jackson Washington,Male,03-02-2024,Fremont
11979,Christopher,Johnson,Christopher Johnson,Male,14-02-2024,Victoria
11980,Kimberly,Richardson,Kimberly Richardson,Female,23-09-2024,Santa Monica
11981,Alexandria,Howard,Alexandria Howard,Female,09-04-2024,Everett
11982,Alexandra,Foster,Alexandra Foster,Female,17-08-2024,San Diego
11983,Cheryl,Ortega,Cheryl Ortega,Female,08-11-2022,Bellflower
11984,Alex,Campbell,Alex Campbell,Male,15-02-2024,Oak Bay
11985,Melanie,Hughes,Melanie Hughes,Female,27-02-2024,Beaverton
11986,Max,Alvarez,Max Alvarez,Male,22-11-2022,Geelong
11987,Diane,Vazquez,Diane Vazquez,Female,17-06-2024,South Melbourne
11988,Kathryn,Chapman,Kathryn Chapman,Female,10-11-2022,Goulburn
11989,Kara,Anand,Kara Anand,Female,03-11-2022,Hawthorne
11990,Joanna,Vazquez,Joanna Vazquez,Female,13-11-2022,Newcastle
11991,Frederick,Martinez,Frederick Martinez,Male,01-11-2022,Milsons Point
11992,Tonya,Chande,Tonya Chande,Female,17-11-2022,Brisbane
11993,Rosa,Wang,Rosa Wang,Female,13-11-2022,Goulburn
11994,Leah,Hu,Leah Hu,Female,25-11-2022,Townsville
11995,Kelvin,Carson,Kelvin Carson,Male,08-11-2022,Sunbury
11996,Veronica,Srini,Veronica Srini,Female,04-11-2022,Caloundra
11997,Kristina,Kapoor,Kristina Kapoor,Female,05-11-2022,Coffs Harbour
11998,Donna,Sharma,Donna Sharma,Female,16-11-2022,Hawthorne
